{
  "num_spheres": 20,
  "centers": [
    -0.04522922,
    -0.021089219,
    0.040529512,
    -0.061267387,
    0.013579248,
    -0.022739572,
    0.0055807107,
    -0.04656762,
    0.03181254,
    -0.053644065,
    -0.038797114,
    0.003857712,
    -0.028193528,
    0.007871078,
    0.05499182,
    -0.07268873,
    -0.022953564,
    0.065210626,
    -0.085688785,
    -0.013484576,
    0.005836637,
    0.0029580253,
    -0.022156278,
    0.0569124,
    -0.22936442,
    0.006700528,
    -0.75282705,
    -0.008744873,
    -0.02931777,
    0.014629665,
    -0.008252715,
    0.0022498202,
    0.028074756,
    -0.04208828,
    0.002085883,
    0.0027144272,
    -0.06863662,
    0.039528802,
    0.0051217014,
    -0.07397821,
    -0.05017302,
    0.035493173,
    -0.069831304,
    0.006493091,
    0.03716699,
    -0.23477674,
    0.69521356,
    -0.013759033,
    0.44159338,
    0.04848853,
    -0.031282097,
    -0.032649048,
    -0.06220085,
    0.033726767,
    -0.036953654,
    0.05986862,
    -0.021187104,
    -0.036841433,
    -0.04898925,
    0.07181873
  ],
  "colors": [
    0.16511615,
    0.7584692,
    0.6377149,
    0.14168626,
    0.8157007,
    0.64371395,
    0.26715034,
    0.61603314,
    0.5796143,
    0.18465303,
    0.73767316,
    0.59613764,
    0.21646276,
    0.702747,
    0.6062938,
    0.18255103,
    0.7474081,
    0.6029796,
    0.17712252,
    0.7717315,
    0.58449775,
    0.2585466,
    0.6325044,
    0.59099454,
    0.9840666,
    0.23839732,
    0.029016653,
    0.27533418,
    0.62512803,
    0.5716002,
    0.20436528,
    0.705576,
    0.62487936,
    0.15047078,
    0.7892822,
    0.649978,
    0.11775185,
    0.85093427,
    0.67417836,
    0.20686443,
    0.7140375,
    0.5737763,
    0.19802156,
    0.7446623,
    0.58893687,
    0.97937167,
    0.25138342,
    0.032189406,
    0.008419235,
    0.0301175,
    0.9888719,
    0.20998082,
    0.68538076,
    0.59549,
    0.09074373,
    0.8803588,
    0.7602656,
    0.19131562,
    0.70720965,
    0.6160779
  ],
  "radii": [
    0.24427442,
    0.23256199,
    0.14357555,
    0.21439317,
    0.1867718,
    0.2553233,
    0.2343483,
    0.15391652,
    0.23032188,
    0.116290584,
    0.17440465,
    0.22982892,
    0.27171353,
    0.22943476,
    0.21785587,
    0.23568417,
    0.49956098,
    0.20763466,
    0.27196714,
    0.24318857
  ]
}