{
  "num_spheres": 6,
  "centers": [
    0.27047744,
    0.058790393,
    -0.12704635,
    0.36019555,
    -0.0032842574,
    0.0301969,
    0.0052684713,
    -0.00028774157,
    0.008512152,
    -0.007303243,
    0.05365144,
    -0.116877824,
    -0.30228704,
    -0.0046105566,
    0.026558563,
    -0.34811705,
    0.04640397,
    -0.093025975
  ],
  "colors": [
    0.0015038438,
    0.032480948,
    0.9521824,
    0.0004195479,
    0.0008815478,
    0.17677419,
    0.001817855,
    0.121438734,
    0.0012871131,
    0.09053655,
    0.9668201,
    0.012939047,
    0.069125585,
    0.0009522631,
    0.00053307216,
    0.9753999,
    0.017090295,
    0.0012721395
  ],
  "radii": [
    0.08751077,
    0.19823138,
    0.14277689,
    0.042625178,
    0.17836767,
    0.12089332
  ],
  "light_dir": [
    -0.35704315,
    0.20981391,
    -0.43684822
  ],
  "ambient_intensity": [
    0.80477613
  ]
}