{
  "num_spheres": 80,
  "centers": [
    -0.41062656,
    0.23260003,
    -0.15800269,
    -0.35359597,
    0.28402504,
    -0.20225413,
    -0.34794778,
    0.061309464,
    -0.34223002,
    -0.3646896,
    -0.0058039776,
    -0.26156563,
    -0.429855,
    0.15421489,
    -0.12695022,
    -0.4345105,
    0.1344562,
    -0.120122604,
    -0.28619927,
    0.03381023,
    -0.14679006,
    -0.30655774,
    0.07496242,
    -0.25905555,
    -0.3260389,
    0.01798043,
    -0.14575145,
    -0.34432662,
    -0.03889815,
    -0.17261781,
    -0.28092986,
    0.19901025,
    -0.15044418,
    -0.39825636,
    0.12531224,
    -0.12930553,
    -0.4291347,
    0.093780644,
    -0.1156917,
    -0.45737705,
    0.03176327,
    -0.055805903,
    -0.3863124,
    0.07740644,
    -0.12579401,
    -0.42222792,
    -0.066880904,
    -0.013538336,
    -0.018756365,
    0.25402474,
    -0.14240196,
    -0.03168517,
    0.15413576,
    -0.094323955,
    0.005968102,
    0.05780737,
    -0.12012246,
    -0.0096626915,
    -0.030276498,
    -0.06088665,
    0.006803835,
    0.4570782,
    -0.48539612,
    0.030318832,
    0.48040304,
    -0.23199186,
    -0.03514209,
    0.0073264665,
    -0.19682257,
    -0.027871104,
    0.053050473,
    -0.2966633,
    0.14667459,
    -0.43914586,
    0.37497085,
    -0.036363997,
    -0.24347411,
    0.570524,
    0.13490488,
    -0.5525451,
    0.22363383,
    -0.050400797,
    -0.65811926,
    0.25360146,
    -0.28310657,
    0.080133356,
    0.7835878,
    -0.30208984,
    0.018251806,
    0.47287726,
    0.22891551,
    -0.09800534,
    0.5588791,
    -0.030880906,
    0.0054509914,
    1.0348852,
    0.4574745,
    0.44883633,
    -0.22940661,
    0.4314738,
    0.49978447,
    -0.16110857,
    0.2025511,
    0.715522,
    -0.16978395,
    0.36121532,
    0.61616737,
    -0.1846229,
    0.30880404,
    0.5193896,
    -0.45293453,
    0.40120238,
    0.57012427,
    -0.4436691,
    0.22851056,
    0.070321985,
    -0.55766374,
    0.23292387,
    0.046088688,
    -0.473049,
    0.33983588,
    0.10902279,
    -0.091295116,
    0.39294824,
    0.29272866,
    -0.24033576,
    0.23784639,
    0.04525753,
    -0.23933372,
    0.348576,
    0.013881153,
    -0.12761843,
    0.43729958,
    0.33008364,
    -0.25293708,
    0.42582223,
    0.32424968,
    -0.25064427,
    0.21183929,
    0.28560552,
    -0.11661537,
    0.4202784,
    0.4100139,
    -0.24738748,
    0.44888684,
    0.074894845,
    0.21027179,
    0.38381484,
    -0.0076648872,
    0.21723957,
    0.740335,
    -0.010263218,
    -0.2320461,
    0.860119,
    0.07804054,
    -0.21142301,
    0.34281853,
    -0.12090385,
    0.0941346,
    0.5265856,
    -0.10231289,
    0.06933606,
    0.54685396,
    -0.0088476185,
    0.1070387,
    0.25829864,
    -0.023822637,
    -0.11225462,
    0.4152877,
    -0.027181936,
    0.05019361,
    0.2338982,
    0.16046286,
    -0.05470043,
    0.42140964,
    -0.015085978,
    0.039066307,
    0.4217998,
    -0.018917814,
    0.04370827,
    0.42618755,
    -0.009252828,
    0.038322035,
    0.4184276,
    -0.010517129,
    0.034529485,
    0.42790022,
    -0.012825781,
    0.04509524,
    0.4281295,
    -0.012597168,
    0.04513912,
    -0.34957007,
    -0.20840067,
    0.025971796,
    -0.32715082,
    -0.4117064,
    0.3271434,
    -0.29494193,
    0.09335648,
    -0.1359105,
    -0.33666864,
    -0.03917783,
    -0.092575684,
    -0.363878,
    0.025431933,
    -0.11892066,
    -0.36325496,
    -0.006055875,
    -0.1004392,
    -0.36481035,
    0.018582948,
    -0.11491092,
    -0.347202,
    0.02466977,
    -0.12543535,
    -0.25985888,
    -0.39207578,
    0.059779797,
    -0.16748817,
    -0.26563784,
    -0.078618646,
    -0.065082684,
    -0.018557746,
    -0.089183874,
    -0.06446958,
    0.079871394,
    -0.027640698,
    0.06432108,
    -0.06338273,
    0.20742413,
    -0.041111633,
    -0.22155423,
    0.009626224,
    -0.29859403,
    -0.1348606,
    0.28544173,
    -0.29165915,
    -0.053557668,
    0.5046321
  ],