{
  "num_spheres": 13,
  "centers": [
    -0.039014418,
    -0.016277788,
    0.1218091,
    -0.021729821,
    0.003914949,
    -0.0077206525,
    -0.014586179,
    0.006967503,
    -0.1634212,
    0.009864991,
    0.104118876,
    -0.1105808,
    -0.30353537,
    0.07693741,
    -0.128553,
    -0.41563737,
    0.08240655,
    -0.0641738,
    -0.3698607,
    0.004416781,
    -0.11804993,
    0.25758284,
    0.12208348,
    -0.11185431,
    0.2564683,
    0.022360668,
    -0.15772489,
    0.32751906,
    -0.0023528126,
    0.020559512,
    -0.30760738,
    -0.0005578358,
    -0.0028833062,
    -0.31967372,
    -0.033989824,
    0.2025337,
    -0.34300599,
    -0.002026744,
    0.11567188
  ],
  "colors": [
    0.0036550337,
    0.27795842,
    0.0035255805,
    0.0020408893,
    0.0620413,
    0.0017506898,
    0.10233771,
    0.88540214,
    0.021078322,
    0.02072122,
    0.92886114,
    0.019597892,
    0.96506286,
    0.07295702,
    0.0026093149,
    0.9737811,
    0.0075010164,
    0.0019217379,
    0.96724576,
    0.008844504,
    0.0020125422,
    0.0021545289,
    0.01671037,
    0.97304076,
    0.0017781663,
    0.02229156,
    0.9641742,
    0.0003018557,
    0.00046916743,
    0.1697351,
    0.027129417,
    0.0017832915,
    0.00073535513,
    0.2922014,
    0.006297046,
    0.0013382382,
    0.028584607,
    0.0029506749,
    0.0013480091
  ],
  "radii": [
    0.03375757,
    0.13804331,
    0.011667468,
    0.01358996,
    0.051051743,
    0.0538967,
    0.05661757,
    0.021363733,
    0.03582122,
    0.20493175,
    0.17323253,
    0.12790039,
    0.09926845
  ],
  "light_dir": [
    -0.47462022,
    0.32743657,
    -0.61722475
  ],
  "ambient_intensity": [
    0.82137734
  ]
}