{
  "num_spheres": 10,
  "centers": [
    -0.35598534,
    0.029558469,
    -0.15836081,
    -0.42349055,
    0.0843251,
    0.22491442,
    0.37156093,
    -0.07055999,
    0.014441949,
    0.2772262,
    0.034053434,
    -0.132732,
    -0.30255824,
    -0.01096787,
    -0.13346617,
    -0.016655734,
    0.025613125,
    -0.11878711,
    -0.3884943,
    0.08054727,
    0.3267147,
    -0.2950878,
    -0.058822397,
    -0.07383339,
    -0.05286703,
    0.08460941,
    0.3143684,
    -0.04294474,
    -0.048320107,
    -0.0331583
  ],
  "colors": [
    0.805282,
    0.01923355,
    0.0038263544,
    0.75875425,
    0.016343873,
    0.005804244,
    0.00070142123,
    0.0015305834,
    0.13667683,
    0.000928812,
    0.030460235,
    0.69423884,
    0.4359583,
    0.016185423,
    0.0022852311,
    0.05142153,
    0.61610395,
    0.018162977,
    0.35192028,
    0.036997955,
    0.007907375,
    0.050396718,
    0.01999283,
    0.0054413504,
    0.0674247,
    0.3781478,
    0.0367056,
    0.023751441,
    0.10093202,
    0.019988436
  ],
  "radii": [
    0.060782023,
    0.046298042,
    0.19322668,
    0.08999366,
    0.055727597,
    0.061484803,
    0.11768003,
    0.07083509,
    0.077900186,
    0.06508046
  ]
}