{
  "num_spheres": 100,
  "centers": [
    -0.7241399,
    -0.90048754,
    -1.2807966,
    -0.9780151,
    0.17952341,
    0.21772018,
    -0.5098951,
    -1.0332284,
    -0.99218106,
    0.20538764,
    -0.2307393,
    0.9119071,
    -1.0547237,
    -0.08001506,
    -0.34629503,
    -0.5937961,
    1.4726781,
    0.099496774,
    -0.24583519,
    -0.20581757,
    0.7015231,
    -0.4046979,
    -0.47115192,
    0.4144895,
    -0.6857027,
    -0.40901148,
    0.38701877,
    -0.47920153,
    -0.06776454,
    0.5761475,
    0.6430631,
    -0.2499399,
    0.8804407,
    -0.65200275,
    -0.07559957,
    0.5113966,
    0.019381348,
    -0.38183776,
    0.74919045,
    0.16682847,
    -0.44687742,
    0.86718327,
    -0.75743026,
    -0.35333875,
    0.24481508,
    0.62813675,
    -0.7245092,
    0.20776439,
    -0.60473114,
    -0.18815875,
    0.5973106,
    -0.6304673,
    0.03819191,
    0.37642714,
    -0.79047275,
    -0.029367652,
    0.45413125,
    -0.15297674,
    2.7314467,
    0.18948793,
    1.2209245,
    1.4207498,
    -0.13848677,
    -0.87542295,
    -0.06602279,
    0.13240266,
    -0.515745,
    -0.48926088,
    0.54804254,
    -0.5280912,
    -0.40159157,
    0.27526805,
    -0.70926726,
    -0.14994912,
    0.17904224,
    -0.35659882,
    -0.51808923,
    0.52726346,
    -0.029510558,
    2.3666804,
    0.012397491,
    0.0040128403,
    0.07869135,
    0.06218387,
    -0.8833156,
    -0.26804245,
    0.05978908,
    0.36699054,
    -0.46064386,
    0.7783795,
    -0.22739613,
    -0.497909,
    0.5327551,
    0.49052775,
    0.7199592,
    0.57790434,
    -0.23013866,
    -0.35639697,
    0.7805072,
    -0.86206174,
    -0.28884628,
    0.19428785,
    -0.5516609,
    -0.04213323,
    0.14509831,
    0.48166606,
    -0.7138674,
    0.48568082,
    0.07893128,
    -0.28607425,
    0.87552005,
    -0.54164505,
    -0.36371404,
    0.6757998,
    -0.66882056,
    -0.40474632,
    0.5534303,
    1.0354971,
    -0.24172866,
    -0.64300936,
    0.62544924,
    -0.46251038,
    0.81377995,
    -0.96929216,
    0.04203211,
    -0.018267227,
    -0.79407823,
    1.2445179,
    0.6618202,
    -0.5336468,
    -0.45815575,
    0.38306186,
    -0.7421983,
    -0.24800885,
    0.52716047,
    -0.7538023,
    -0.13449377,
    0.3848976,
    0.33819416,
    -0.31632683,
    0.88036203,
    -0.19317202,
    -0.49230564,
    0.83484226,
    -0.024058891,
    -0.0050198776,
    -2.4338398,
    -1.0909066,
    0.04035331,
    -0.6373601,
    -0.7654556,
    -0.19015828,
    0.029834323,
    0.255706,
    -0.58255017,
    0.7475627,
    0.1606229,
    -0.57904816,
    0.6114772,
    0.43655407,
    -0.6403187,
    0.65322495,
    -0.5484115,
    0.021166595,
    0.48310125,
    -0.26892582,
    -0.5254403,
    0.68460006,
    -0.75741476,
    0.07052798,
    0.36954793,
    -0.85835975,
    1.4100312,
    0.30950493,
    -0.66163427,
    1.7418381,
    -0.2298936,
    -0.92429936,
    -0.22790153,
    -0.069600664,
    -0.056059077,
    -0.67168987,
    -1.442251,
    -0.33529782,
    -0.34451675,
    0.5739523,
    -0.889103,
    -0.10935667,
    -0.08711941,
    -1.0928783,
    0.1862727,
    -0.095321976,
    -0.42453906,
    -0.48915437,
    0.723839,
    -0.3337538,
    -0.22447322,
    0.8221538,
    -0.8824499,
    -0.115395844,
    0.2906696,
    -0.066277236,
    -0.34877947,
    0.88047266,
    -0.3723921,
    -0.13328257,
    0.6482716,
    -0.5967375,
    -0.21084616,
    0.3642288,
    -1.2830373,
    0.3059008,
    -0.36261496,
    -0.09766745,
    0.062321458,
    -2.6158664,
    -0.6522066,
    -0.5065039,
    -1.7103854,
    -0.8190907,
    0.046619974,
    0.15570569,
    -0.04712453,
    -0.53682846,
    0.78713036,
    -0.34758136,
    -0.8753539,
    -1.1078774,
    -0.4507662,
    2.0224125,
    0.55965656,
    0.9273553,
    1.1120163,
    -0.7452299,
    -0.85661054,
    -0.31721553,
    -1.2187142,
    0.094376616,
    -0.552234,
    0.73950386,
    -0.5123023,
    -0.2967293,
    0.49289244,
    -0.63533324,
    -0.35784465,
    0.2230498,
    -0.002253585,
    -0.52645946,
    0.62665826,
    -0.47180447,
    -0.20336121,
    0.65362066,
    -0.70997745,
    -0.31592742,
    0.073504776,
    -0.94776773,
    -0.11037172,
    0.030294362,
    -0.34026563,
    -0.4681934,
    0.28613406,
    -0.38802183,
    -0.3260828,
    0.7435802,
    -0.8558511,
    0.090796225,
    0.28752398,
    -0.10749514,
    -0.2503497,
    0.7746952,
    -0.13404275,
    -0.5039199,
    0.63322777,
    -0.9865481,
    0.091712594,
    0.11273653,
    -0.71236205,
    1.1292754,
    0.8744891,
    0.7891797,
    -0.19308965,
    0.5819709,
    -0.96071035,
    -0.17041007,
    -0.21538652,
    -0.70472157,
    -0.004756548,
    0.23447275,
    -0.5556875,
    1.2377698,
    -0.5263574,
    0.3101142,
    -0.63708717,
    0.59273404,
    -0.8029211,
    -0.30299184,
    0.38540047,
    -0.095201015,
    0.04838119,
    -2.7320254
  ],