{
  "num_spheres": 20,
  "centers": [
    -0.029215464,
    -0.20082048,
    0.25069308,
    -0.24835126,
    0.25784588,
    0.19387062,
    -0.15560196,
    -0.028939627,
    0.14003775,
    0.020516086,
    -0.19718184,
    0.27397287,
    0.052892294,
    -0.020027213,
    -0.013729234,
    0.73184896,
    0.033775255,
    -0.028230222,
    0.006931253,
    0.10339742,
    0.1471084,
    -0.16494632,
    -0.16043225,
    0.23710732,
    0.28844965,
    0.04179442,
    -0.060467344,
    0.031125797,
    0.18253948,
    -0.41422218,
    0.47139287,
    -0.013278967,
    0.07857329,
    -0.30991277,
    -0.04742482,
    0.045975097,
    -0.023932917,
    -0.33855298,
    0.21839137,
    -0.018650008,
    0.05379672,
    -0.089342386,
    0.33940768,
    -0.03272849,
    0.15434869,
    -0.08430535,
    -0.22364956,
    0.27979305,
    -0.08766264,
    -0.30012846,
    0.23759419,
    -0.33821437,
    0.032264765,
    -0.06645784,
    -0.02466592,
    -0.23462021,
    0.31431657,
    -0.014656859,
    -0.22479692,
    0.34570837
  ],
  "colors": [
    0.013807826,
    0.07102759,
    0.016441403,
    0.18321651,
    0.004486643,
    0.0019416976,
    0.007479572,
    0.002629141,
    0.00083456864,
    0.020678233,
    0.09500077,
    0.029354552,
    0.0047276425,
    0.546428,
    0.01855236,
    0.0006898519,
    0.007912787,
    0.20044081,
    0.0054979,
    0.15039913,
    0.005313458,
    0.02729195,
    0.040643595,
    0.01321345,
    0.0007235613,
    0.006375696,
    0.8705856,
    0.015532451,
    0.6153652,
    0.023869464,
    0.0011714183,
    0.0024376116,
    0.015810778,
    0.02626044,
    0.0024291137,
    0.0008391496,
    0.04971318,
    0.11071126,
    0.05459666,
    0.08837758,
    0.7391203,
    0.010146518,
    0.00058617594,
    0.0013713748,
    0.04243747,
    0.031840842,
    0.06285826,
    0.022870038,
    0.045431353,
    0.06408417,
    0.028826857,
    0.90314263,
    0.005359732,
    0.0006272508,
    0.030893438,
    0.07540903,
    0.033803713,
    0.03870394,
    0.08078685,
    0.04797052
  ],
  "radii": [
    0.046215635,
    0.07925774,
    0.23505081,
    0.037378345,
    0.015250037,
    0.22044817,
    0.06890627,
    0.08884358,
    0.13228908,
    0.029349152,
    0.16339478,
    0.1670735,
    0.03907177,
    0.05588543,
    0.25041816,
    0.08390393,
    0.077748984,
    0.13138989,
    0.09009368,
    0.085229725
  ]
}