{
  "num_spheres": 8,
  "centers": [
    0.8619477,
    0.10090202,
    -0.19709308,
    0.47397417,
    -0.030938942,
    -0.053911455,
    -0.016244084,
    0.055774637,
    -0.14587651,
    -0.38742667,
    0.073399365,
    -0.16979639,
    0.14879403,
    0.06141747,
    -0.16141064,
    0.22557437,
    0.07139848,
    -0.20977278,
    0.27929375,
    0.048460573,
    -0.31145567,
    0.27455005,
    0.21626091,
    -0.14216109
  ],
  "colors": [
    0.002337645,
    0.02623927,
    0.47118413,
    0.00039957988,
    0.0014716069,
    0.12670529,
    0.15504071,
    0.4785653,
    0.008299374,
    0.5690034,
    0.017223595,
    0.006977099,
    0.014787273,
    0.58732474,
    0.015361875,
    0.0051748343,
    0.015603779,
    0.66047275,
    0.0030133473,
    0.013303513,
    0.71452737,
    0.003653123,
    0.021256382,
    0.82325906
  ],
  "radii": [
    0.09388062,
    0.3346628,
    0.018094588,
    0.019157268,
    0.016156346,
    0.026434667,
    0.052432645,
    0.026665447
  ]
}