{
  "num_spheres": 11,
  "centers": [
    0.3249901,
    0.0013161424,
    0.01641679,
    -0.3063753,
    0.0027159315,
    -0.00031883057,
    -0.014975059,
    0.00084109826,
    0.0038507376,
    -0.34049547,
    0.06081857,
    0.06752349,
    -0.010803346,
    0.012826483,
    -0.1585755,
    0.0076484093,
    0.1040314,
    -0.10328568,
    0.25833103,
    0.022099478,
    -0.16105555,
    0.2627793,
    0.1307833,
    -0.11871093,
    -0.30003905,
    0.09122385,
    -0.14774504,
    -0.3763175,
    0.018756842,
    -0.12878643,
    -0.4043525,
    0.100554645,
    -0.06352623
  ],
  "colors": [
    0.00034095562,
    0.0005663141,
    0.17863151,
    0.1428806,
    0.001420832,
    0.0005872297,
    0.0015589562,
    0.121458404,
    0.0011473134,
    0.0110718915,
    0.024996812,
    0.0013453643,
    0.104889765,
    0.89046144,
    0.016043393,
    0.020513017,
    0.91807497,
    0.012673073,
    0.0018634624,
    0.027904078,
    0.9765464,
    0.0024551463,
    0.020541532,
    0.9794637,
    0.9612791,
    0.0865042,
    0.0040109665,
    0.96616894,
    0.009051896,
    0.0019758136,
    0.9756998,
    0.0059090434,
    0.0019259639
  ],
  "radii": [
    0.19632475,
    0.17345184,
    0.14006695,
    0.0638915,
    0.016541831,
    0.014346431,
    0.05255492,
    0.027610064,
    0.03215047,
    0.065410465,
    0.05687651
  ],
  "light_dir": [
    -0.5061143,
    0.35655046,
    -0.6789721
  ],
  "ambient_intensity": [
    1.0749375
  ]
}