{
  "num_spheres": 80,
  "centers": [
    0.39819276,
    0.48685092,
    -0.26822934,
    0.39666894,
    0.48614854,
    -0.26883867,
    0.1932486,
    0.72273225,
    -0.16353865,
    0.36939314,
    0.56483793,
    -0.27889648,
    0.3983246,
    0.45690262,
    -0.26970544,
    0.368729,
    0.47764936,
    -0.24488866,
    0.38640618,
    0.49104267,
    -0.21313779,
    0.26231873,
    0.38969734,
    0.28891915,
    0.30717254,
    0.15914336,
    -0.083266616,
    0.2428831,
    0.07658248,
    -0.22423185,
    0.3491571,
    0.039247356,
    -0.12924929,
    0.25228852,
    -0.014728135,
    -0.16814898,
    0.3602317,
    0.5901633,
    -0.21344075,
    0.19955504,
    0.6126168,
    -0.11182254,
    0.39295992,
    0.34801164,
    -0.22961707,
    0.3927774,
    0.36628014,
    -0.23097733,
    -0.3791608,
    0.3544199,
    -0.22253084,
    -0.374023,
    0.33286524,
    -0.22718358,
    -0.31464082,
    0.19280691,
    -0.15352383,
    -0.41075447,
    0.26411793,
    -0.16754058,
    -0.44529122,
    0.07006461,
    -0.08025972,
    -0.28864187,
    0.062223874,
    -0.14616136,
    -0.30963662,
    0.07955593,
    -0.26364398,
    -0.42773464,
    0.10300086,
    -0.10068701,
    -0.43763182,
    0.20349023,
    -0.12471738,
    -0.4243206,
    0.123957016,
    -0.10602643,
    -0.36929563,
    0.0021268192,
    -0.26413128,
    -0.32271633,
    -0.018508025,
    -0.1018884,
    -0.4455348,
    -0.00835975,
    -0.026618786,
    -0.3872425,
    -0.32484984,
    0.056127645,
    -0.35138488,
    0.06315236,
    -0.34982926,
    -0.35971984,
    -0.02378463,
    -0.16431497,
    0.38804692,
    -0.28573334,
    0.007707692,
    0.33150515,
    -0.30657774,
    0.11561748,
    0.498041,
    0.28952745,
    -0.40375894,
    0.48069593,
    0.29428184,
    -0.3975706,
    0.41347066,
    -0.01096496,
    0.058407225,
    0.41441905,
    -0.009602596,
    0.059410736,
    0.40970677,
    -0.024002846,
    0.056715474,
    0.26767832,
    0.0073646763,
    -0.048287865,
    0.3146373,
    -0.043026786,
    0.29927987,
    0.4386951,
    0.057838656,
    0.20680542,
    0.5568701,
    -0.07321709,
    0.047541667,
    0.55251664,
    -0.0044398624,
    0.096189916,
    0.38823837,
    0.3923887,
    -0.23727886,
    0.40707493,
    0.37396148,
    -0.29440963,
    0.45956075,
    0.57600915,
    -0.07832235,
    0.36380088,
    0.48176107,
    0.18789315,
    0.4084194,
    -0.03236247,
    0.05179015,
    0.4105394,
    -0.021783931,
    0.05518167,
    0.19684446,
    0.51665395,
    -0.058132295,
    0.20871048,
    0.38008946,
    -0.034936223,
    -0.16074786,
    0.061598845,
    0.15823373,
    -0.17684768,
    -0.049285036,
    0.11890722,
    -0.4481298,
    -0.090389475,
    0.009025048,
    -0.41311085,
    0.0038262203,
    -0.07908966,
    -0.40819907,
    0.09803026,
    -0.11576767,
    -0.40514752,
    -0.007150572,
    -0.08096681,
    -0.26250064,
    -0.03524791,
    0.23609999,
    -0.3311002,
    -0.17017755,
    0.13731028,
    -0.37922964,
    0.0022350536,
    -0.09928514,
    -0.38735294,
    0.025526728,
    -0.10761627,
    -0.33832997,
    -0.07722877,
    -0.033154182,
    -0.32537177,
    0.01906936,
    -0.15101714,
    -0.028604206,
    0.08510834,
    -0.084792934,
    -0.01327156,
    0.23741262,
    -0.16196391,
    -0.03340131,
    0.04351556,
    -0.23739378,
    -0.021503799,
    -0.0014535363,
    -0.13570987,
    0.023050286,
    0.5149752,
    -0.17899157,
    -0.0036888726,
    0.5972166,
    -0.18725644,
    0.040992334,
    0.34453312,
    -0.54334676,
    0.04536187,
    0.32800508,
    -0.54593724,
    -0.05344046,
    -0.022045458,
    -0.017683858,
    -0.020624818,
    -0.039967053,
    -0.061382424,
    -0.015196585,
    -0.37998873,
    -0.001411596,
    -0.003815668,
    -0.10975605,
    0.26603496,
    -0.05852886,
    -1.0032871,
    -0.08162938,
    -0.024989314,
    -0.61186105,
    -0.029027553,
    -0.19272402,
    -0.19574976,
    0.15742153,
    -0.16339414,
    -0.2001219,
    -0.06255323
  ],