{
  "num_spheres": 20,
  "centers": [
    0.66005653,
    -0.050537534,
    0.0068147928,
    -0.31466547,
    -0.2376399,
    -0.21583183,
    -0.430998,
    -0.12823433,
    -0.17262854,
    -0.05526614,
    -0.19368832,
    -0.08186556,
    -0.019114442,
    0.05549009,
    0.26833606,
    -0.45326835,
    -0.0038827083,
    0.2297131,
    -0.09474453,
    -0.26614723,
    -0.31118402,
    -0.50395286,
    -0.25469974,
    -0.1914466,
    0.2851302,
    0.01828882,
    -0.120720565,
    -0.07023488,
    -0.3064704,
    0.24395701,
    0.2221721,
    0.08293127,
    0.25827444,
    0.4632606,
    -0.063309915,
    -0.02510817,
    -0.40629047,
    0.09869741,
    0.27985546,
    -0.12979248,
    0.07033318,
    0.1861125,
    -0.03574741,
    -0.010948823,
    -0.074208006,
    0.0534471,
    0.0065046805,
    0.37071013,
    0.24466123,
    -0.06295876,
    -0.02900252,
    -0.43984994,
    0.05909968,
    0.19157197,
    1.0300944,
    0.11222185,
    -0.20990464,
    -0.003589681,
    0.026841348,
    -0.123278014
  ],
  "colors": [
    0.0006959768,
    0.004260856,
    0.15746596,
    0.54447407,
    0.034166876,
    0.011947263,
    0.6841124,
    0.014575057,
    0.007165297,
    0.0367331,
    0.41091764,
    0.017841155,
    0.029773653,
    0.7711188,
    0.03574603,
    0.36720428,
    0.017805286,
    0.005433353,
    0.03824937,
    0.08975535,
    0.041293394,
    0.4414026,
    0.013672182,
    0.0063121077,
    0.0018842411,
    0.017942376,
    0.81458,
    0.048997417,
    0.05033639,
    0.018949907,
    0.008602174,
    0.03035582,
    0.51413137,
    0.0015172479,
    0.00513382,
    0.019974528,
    0.5021989,
    0.02660808,
    0.005203996,
    0.27931488,
    0.037882883,
    0.008545167,
    0.032909326,
    0.106706746,
    0.010159186,
    0.008225013,
    0.059275832,
    0.047111392,
    0.0043076924,
    0.039865907,
    0.021508219,
    0.75954306,
    0.016610108,
    0.0046136663,
    0.0023824587,
    0.022346362,
    0.4045163,
    0.09915112,
    0.7170868,
    0.013618589
  ],
  "radii": [
    0.25328144,
    0.05820936,
    0.029249245,
    0.042497456,
    0.07288876,
    0.046984002,
    0.112571314,
    0.10783179,
    0.117034435,
    0.09433492,
    0.06855036,
    0.13065444,
    0.07227335,
    0.037420716,
    0.048222635,
    0.097467944,
    0.1050131,
    0.0339506,
    0.12864257,
    0.03645441
  ]
}