{
  "num_spheres": 100,
  "centers": [
    -0.27713338,
    -0.21692511,
    0.26742104,
    0.1311362,
    0.0038444162,
    -0.027405376,
    0.059023075,
    0.02545788,
    0.008617394,
    0.04097225,
    -0.012983816,
    0.21805517,
    -0.13445,
    0.17034124,
    0.16280717,
    -0.03384804,
    0.03235877,
    0.03960099,
    -0.012646865,
    -0.013250019,
    -0.012025941,
    0.027137473,
    -0.18316603,
    0.15270415,
    0.07279295,
    0.027592901,
    -0.22310953,
    -0.09058206,
    0.21569543,
    -0.12035524,
    -0.0056016007,
    -0.00073437695,
    -0.0047074477,
    0.024416216,
    -0.035066005,
    0.11012228,
    0.16972885,
    0.0067795753,
    -0.030839613,
    0.012615166,
    0.049093936,
    0.0030561672,
    0.014435186,
    -0.04553203,
    -0.073498234,
    -0.057761822,
    -0.20158109,
    0.15243652,
    0.08091494,
    -0.1384761,
    0.035115156,
    -0.00074539345,
    0.01976372,
    0.10736176,
    0.06293857,
    -0.03840978,
    0.027004838,
    -0.60774577,
    0.44685557,
    0.3134517,
    -0.017312974,
    0.05934101,
    -0.053520255,
    -0.23074187,
    -0.04749917,
    -0.013807344,
    0.32814765,
    0.015700981,
    -0.02890904,
    0.017857956,
    -0.062294893,
    0.02648323,
    0.023076816,
    -0.010983382,
    0.007900314,
    -0.0040216497,
    -0.011771245,
    -0.035811674,
    0.9080614,
    -0.023288501,
    0.03501285,
    -0.18916859,
    0.05934628,
    0.16322584,
    -0.008953133,
    -0.09678734,
    0.03286984,
    -0.010303884,
    -0.14561406,
    -0.09259506,
    -0.20257576,
    0.11263436,
    0.10255922,
    0.16853514,
    -0.1125937,
    -0.045014407,
    0.024568092,
    -0.24500504,
    0.24129108,
    0.1157959,
    -0.068280764,
    0.14321843,
    -0.31640112,
    -0.2729022,
    0.2757742,
    0.12822254,
    0.02637021,
    0.059623215,
    0.0031671457,
    0.011034496,
    -0.02428204,
    -0.025496705,
    0.010273611,
    0.014231696,
    0.038681578,
    -0.071538754,
    0.003071013,
    -0.08628791,
    0.00095289864,
    0.04915963,
    0.0147133265,
    -0.026180144,
    0.09578665,
    0.039010208,
    0.022878654,
    -0.023230612,
    0.013861529,
    0.0042802403,
    -0.0057952045,
    0.02065191,
    -0.2640866,
    0.17566043,
    0.0729782,
    0.019065883,
    0.08433752,
    0.3659897,
    0.12276457,
    -0.12118506,
    0.045825887,
    -0.13479295,
    0.1870986,
    -0.295479,
    0.02343994,
    0.01264314,
    0.08529814,
    0.088127315,
    -0.10468505,
    0.17666288,
    -0.17302628,
    -0.1629113,
    -0.3909582,
    -0.026667275,
    0.07231187,
    -0.01779827,
    0.011294043,
    0.06294488,
    -0.06310021,
    -0.0065476815,
    -0.0027400777,
    0.18913208,
    1.0654496,
    -0.015790466,
    0.23258486,
    -0.07084124,
    -0.07644958,
    0.0049126693,
    -0.0053756097,
    0.030882046,
    0.10884827,
    0.009687221,
    0.000069086585,
    0.2381696,
    -0.2213687,
    -0.08813773,
    0.015371606,
    -0.08576429,
    -0.0056257215,
    0.019782983,
    0.030987805,
    0.027280048,
    -0.016878458,
    0.032943532,
    0.13253225,
    -0.00553056,
    0.0056275954,
    0.046815433,
    0.10672513,
    -0.024783986,
    0.015175505,
    -0.026992368,
    0.4924694,
    0.037292656,
    -0.111472055,
    -0.0026031383,
    0.09292648,
    0.010490373,
    0.078343086,
    0.21893255,
    0.011694708,
    -0.0387172,
    0.07066025,
    -0.5340792,
    -0.0045702257,
    0.07763435,
    -0.100610234,
    0.047254745,
    0.20095672,
    0.04371821,
    0.021134375,
    0.0008640393,
    0.0022610696,
    -0.014087058,
    0.006522632,
    0.3972179,
    0.07052504,
    0.015498446,
    -0.1477972,
    0.08429413,
    -0.13144554,
    0.15003991,
    -0.0011375361,
    -0.09613548,
    0.011574263,
    0.00048086993,
    -0.0034005702,
    -0.15904209,
    -0.0022319283,
    0.0611025,
    -0.019293338,
    -0.11343696,
    -0.029212402,
    0.008820404,
    -0.034228597,
    -0.028154455,
    0.1908458,
    0.013647007,
    -1.0630614,
    0.11046989,
    0.033293728,
    -0.043271977,
    -0.0006807091,
    0.0013687251,
    0.000009141724,
    -0.0063947625,
    -0.10847472,
    0.19486763,
    0.0022296384,
    -0.21073607,
    -0.011117483,
    0.084828526,
    -0.0049782167,
    0.020842018,
    -0.0005527759,
    0.016822342,
    0.00668481,
    -0.24242936,
    0.99229246,
    0.00021608076,
    -0.009938225,
    -0.13505754,
    0.016273469,
    0.003151467,
    -0.040339332,
    -0.020737644,
    0.030758223,
    -0.06410816,
    -0.017225951,
    0.0028689173,
    0.012820271,
    -0.0019689777,
    -0.09675293,
    -0.07151536,
    0.01982331,
    0.09641505,
    -0.07620566,
    0.17302503,
    0.22093737,
    -0.252938,
    -0.078164585,
    -0.08064599,
    0.024578469,
    -0.00015208006,
    0.046601627,
    -0.06840328,
    0.038054664,
    -0.029821089,
    -0.035696194,
    -0.48800015,
    0.009112737,
    0.00012215965,
    0.028687416,
    -0.27841288,
    -0.004691122,
    -0.9614301,
    -0.14576441,
    -0.14892635,
    -0.10296695,
    -0.047824133,
    0.08668065,
    -0.0383552
  ],