{
  "num_spheres": 10,
  "centers": [
    -0.29484904,
    0.09216762,
    -0.14519712,
    -0.3640273,
    0.0115816,
    -0.13164763,
    -0.4081675,
    0.09025528,
    -0.09424505,
    -0.012520028,
    0.0024262585,
    0.0003358681,
    -0.016791273,
    0.010204978,
    -0.1649312,
    0.021889456,
    0.09496929,
    -0.10862884,
    0.3330124,
    0.0020265363,
    0.021142414,
    -0.3068126,
    0.0034926492,
    0.012605339,
    0.2642548,
    0.13084035,
    -0.1225705,
    0.25748375,
    0.023633888,
    -0.16488427
  ],
  "colors": [
    0.9432799,
    0.084486395,
    0.0033192693,
    0.957397,
    0.009095934,
    0.0019220874,
    0.96851885,
    0.007717975,
    0.0018839708,
    0.0019383299,
    0.11831095,
    0.0010759031,
    0.12351595,
    0.88026834,
    0.011370252,
    0.026582396,
    0.89178663,
    0.010249548,
    0.00035473192,
    0.00069531595,
    0.18784918,
    0.10050268,
    0.0008313503,
    0.0004434902,
    0.0023050103,
    0.018621681,
    0.9806285,
    0.0018166117,
    0.026612917,
    0.9762448
  ],
  "radii": [
    0.030959371,
    0.058925975,
    0.04586852,
    0.13845193,
    0.02164993,
    0.01956042,
    0.19733909,
    0.18349046,
    0.032678574,
    0.05655944
  ],
  "light_dir": [
    -0.5291121,
    0.34929326,
    -0.6720405
  ],
  "ambient_intensity": [
    0.724624
  ]
}