{
  "num_spheres": 100,
  "centers": [
    -0.14611794,
    -0.0044744434,
    0.06094134,
    -0.06818915,
    -0.057124224,
    0.13629907,
    -0.11637504,
    0.034517545,
    0.10572495,
    -0.0018519387,
    0.08841324,
    -0.075133674,
    -0.004336145,
    -0.014109237,
    -0.13796963,
    0.08620192,
    0.08007465,
    0.08534584,
    0.012712947,
    -0.1329418,
    -0.02997658,
    -0.030423988,
    0.041072737,
    -0.11082233,
    0.057099987,
    -0.10298812,
    -0.06349289,
    0.091298275,
    -0.052764326,
    -0.07725177,
    0.100319564,
    0.01678583,
    -0.07808653,
    0.038238768,
    -0.0214269,
    -0.057076287,
    -0.14936149,
    2.4539354,
    -0.01363439,
    0.018358504,
    -0.08086808,
    0.055180836,
    0.12710512,
    0.062824994,
    0.03668306,
    0.1028764,
    -0.09218669,
    -0.023683086,
    0.086904034,
    -0.021988222,
    -0.008272404,
    -0.13671347,
    -0.05037093,
    -0.03748843,
    -0.121241294,
    0.046917073,
    -0.038719654,
    0.10403034,
    -0.104327306,
    0.049148567,
    -0.01076066,
    0.06754544,
    0.07087301,
    0.036783326,
    0.11250971,
    -0.025978902,
    -0.14643802,
    1.427815,
    0.13163264,
    0.06540233,
    -0.06676893,
    0.024944086,
    0.042370263,
    -0.12630156,
    0.083422616,
    -0.053002924,
    0.030075593,
    -0.039727222,
    0.06476024,
    0.07203382,
    -0.07188073,
    0.029964508,
    -0.011054209,
    0.021401988,
    0.031061672,
    0.0363439,
    -0.10683663,
    0.03387208,
    0.02916885,
    0.08482014,
    0.013218472,
    0.07607344,
    0.13372554,
    0.13602139,
    -0.029212376,
    -0.040422115,
    0.0066523557,
    0.04013184,
    -0.039149206,
    0.13905822,
    -0.05730363,
    0.018278852,
    -0.053217836,
    -0.12557726,
    -0.032264255,
    -0.060803447,
    0.07032808,
    0.12996775,
    -0.037256557,
    0.06261406,
    0.010676414,
    0.03392786,
    0.11236337,
    0.08795238,
    0.09589403,
    0.084299706,
    -0.018133014,
    0.20753361,
    0.024117142,
    -1.3904243,
    0.05874232,
    -0.13124983,
    0.012284855,
    -0.02469166,
    -0.08442026,
    0.014347233,
    -0.02512488,
    0.11950204,
    -0.020034678,
    0.089916356,
    -0.02181039,
    0.12923776,
    0.069998205,
    0.11091189,
    0.03238782,
    -0.03630378,
    -0.06285684,
    -0.11691331,
    0.14639856,
    0.0015737354,
    0.031403057,
    -0.053016603,
    0.12375602,
    0.03685323,
    0.13366763,
    -0.043561626,
    0.08197578,
    -0.07071016,
    -0.12701425,
    0.031645223,
    -0.11425595,
    -0.08711381,
    0.05540698,
    0.00863631,
    0.13219614,
    0.034272444,
    -0.06536935,
    0.08860061,
    -0.056595508,
    0.08422025,
    -0.08149876,
    0.1020904,
    -0.15082705,
    0.0024755422,
    -0.009069702,
    0.023988398,
    0.06541964,
    0.01847365,
    -0.010734763,
    -0.095543034,
    0.12513573,
    0.12297844,
    0.02221417,
    0.09176016,
    0.026282052,
    -0.069002464,
    -0.023310147,
    0.059482507,
    -0.013980092,
    -0.115716554,
    0.07464985,
    0.034536123,
    0.03671425,
    -0.121807754,
    -0.043382164,
    0.10648962,
    -0.095519364,
    0.0918298,
    0.0021619673,
    -0.009729688,
    -0.10602622,
    -0.08141682,
    0.040246356,
    -0.06774416,
    0.13722987,
    1.3045903,
    -0.030445807,
    0.04869779,
    -0.016690712,
    -0.036012977,
    0.15439945,
    -0.074480884,
    -0.05145522,
    0.01458524,
    -0.071823284,
    -0.019015985,
    -0.122364156,
    -0.08022349,
    0.0039417977,
    0.1443939,
    -0.1323342,
    0.05316055,
    0.03599435,
    -0.030578341,
    0.11764226,
    0.09786311,
    -0.037308186,
    -0.06711297,
    -0.047021303,
    -0.093867704,
    0.0946135,
    0.07616353,
    -0.018087631,
    -0.019614676,
    -0.012195324,
    -0.08700848,
    0.034217764,
    -0.09234413,
    -0.06798297,
    0.042736452,
    0.06528014,
    -0.14414886,
    -0.04987051,
    0.023269163,
    -0.10394135,
    -0.09632284,
    -0.014610733,
    -0.020964855,
    0.03185434,
    0.15784766,
    -0.024165865,
    -0.13165551,
    0.07884512,
    0.027994242,
    -0.06430718,
    -0.107592784,
    -0.08137264,
    -0.020882713,
    0.07087169,
    0.07044693,
    0.043602604,
    0.1297518,
    -0.076447375,
    -0.102582775,
    0.09727022,
    0.07938086,
    -0.02004823,
    0.06490006,
    -0.07991252,
    -0.024238633,
    -0.04473218,
    -0.018097486,
    -0.013851566,
    -0.078467585,
    -0.08950162,
    0.01038786,
    0.011249591,
    -0.12452532,
    -0.014039765,
    -0.08365845,
    -0.08861369,
    -0.07508848,
    -0.0810393,
    0.032858588,
    -0.00036317168,
    0.14907037,
    -0.022982081,
    0.0006832694,
    0.04254288,
    0.06243447,
    0.029937685,
    -0.026571289,
    -0.0038337605,
    -0.14608036,
    0.025579304,
    0.022613078,
    -0.033076767,
    0.09293492,
    -0.07014224,
    0.0029534576,
    -2.0582952,
    0.13220735,
    0.0316462,
    -0.02314953,
    -0.027747836,
    0.0052508214,
    0.10521938,
    -0.03621566,
    -0.058905687,
    0.07379134
  ],