{
  "num_spheres": 7,
  "centers": [
    -0.29435098,
    -0.041837614,
    0.21361773,
    -0.34615183,
    0.038639616,
    -0.087493144,
    0.3001938,
    0.0024022781,
    0.0057478617,
    0.26879182,
    0.024174312,
    -0.1588728,
    0.25924546,
    0.21864119,
    -0.18148021,
    -0.0072438917,
    0.03775396,
    -0.09171284,
    -0.2578616,
    -0.037100762,
    0.060060967
  ],
  "colors": [
    0.3586008,
    0.006859961,
    0.0019514357,
    0.80388975,
    0.009675822,
    0.000652512,
    0.00027209226,
    0.0013062815,
    0.13139214,
    0.0026858328,
    0.038970087,
    0.905702,
    0.0045626652,
    0.0603859,
    0.9126055,
    0.030207474,
    0.62059367,
    0.0023580072,
    0.006086066,
    0.013455252,
    0.00033731453
  ],
  "radii": [
    0.03813161,
    0.12191418,
    0.19695306,
    0.014288379,
    0.013917541,
    0.06824688,
    0.22024955
  ]
}