{
  "num_spheres": 100,
  "centers": [
    0.30270582,
    -0.57742006,
    -0.31074864,
    0.39790344,
    -0.52277,
    -0.16575047,
    0.27569932,
    -0.46998328,
    -0.64599967,
    -0.21100357,
    -0.71609604,
    0.3609741,
    0.5897658,
    -0.58630025,
    -0.07734791,
    0.6102878,
    -0.2371474,
    0.11801194,
    0.96257955,
    0.1960997,
    -0.6555868,
    0.25609306,
    -0.3594798,
    -0.7635423,
    0.14873315,
    -0.22125468,
    -0.8247788,
    0.78768563,
    -0.029615723,
    0.040877122,
    0.6985685,
    -0.21189862,
    0.026486883,
    -1.6482552,
    1.5358238,
    -1.0714782,
    -1.1767179,
    -0.31406137,
    0.033830542,
    0.507145,
    -0.06315587,
    -0.69621444,
    0.64976346,
    -0.39822075,
    -0.43160662,
    0.29298753,
    -0.81218725,
    -0.026710391,
    0.15648073,
    -0.64819777,
    -0.34369114,
    0.7232282,
    -0.14598395,
    -0.088154264,
    0.5736961,
    -0.2343107,
    -0.66036516,
    0.21122207,
    -0.6113716,
    -0.46360368,
    0.5531911,
    -0.63711226,
    0.0846616,
    0.69105124,
    -0.20959437,
    -0.38779372,
    0.21904081,
    -0.5875575,
    0.09720048,
    0.7222828,
    0.0076995767,
    -0.5140257,
    -0.039626587,
    -0.6866449,
    0.013102993,
    0.2303902,
    -0.61462855,
    -0.14960413,
    0.5534734,
    -0.35255107,
    0.006430692,
    0.3690466,
    -0.35910538,
    0.25303596,
    0.41742095,
    -0.4056992,
    -0.61880356,
    0.18254241,
    -0.10088036,
    -1.035033,
    0.16314875,
    -0.6288596,
    0.32645556,
    0.53141254,
    -0.41811186,
    -0.13851693,
    -1.2892144,
    -0.20748451,
    -0.06050274,
    0.43640193,
    -0.47162428,
    0.045439724,
    0.14989193,
    -0.48480943,
    0.354619,
    0.30642295,
    -0.6977241,
    0.21621373,
    -0.08063228,
    -0.5233823,
    0.4294149,
    0.34129998,
    -0.5955528,
    -0.014148618,
    0.83054304,
    0.9711995,
    -0.9337436,
    0.029038312,
    -0.48220247,
    0.3993445,
    0.15959714,
    -0.76955587,
    0.26920605,
    0.3738546,
    -0.49562246,
    0.2567695,
    1.1976395,
    -0.5957228,
    -0.09263282,
    -0.057576716,
    -0.66835254,
    0.41087827,
    0.43810782,
    -0.6027617,
    0.19040781,
    0.9266436,
    0.3256223,
    -0.47053817,
    1.665855,
    -0.12567343,
    -0.69245684,
    0.29871556,
    -0.7555321,
    -0.34544322,
    0.6842969,
    -0.32805657,
    -0.12065191,
    0.46906582,
    -0.45862308,
    -0.35665023,
    0.58925676,
    -0.3693005,
    0.15782423,
    0.5372558,
    -0.30804235,
    -0.51382786,
    0.30806854,
    -0.51690614,
    -0.51428884,
    0.44208446,
    0.7195527,
    -1.9783518,
    0.13446221,
    -0.8125218,
    -0.084339306,
    0.4064548,
    -0.25867477,
    -0.672793,
    0.37807292,
    -0.66162854,
    -0.47758156,
    -0.20205998,
    0.09031653,
    0.12089199,
    0.1099695,
    -0.6829823,
    -0.20562726,
    0.22907096,
    -0.85111976,
    0.14428186,
    0.093321174,
    -0.8110695,
    0.06257214,
    0.90790033,
    -0.09355178,
    -0.18367477,
    -1.5044194,
    -0.0035320206,
    -0.14087865,
    0.61920685,
    -0.337625,
    -0.2799307,
    0.05723662,
    -0.6444404,
    0.16807434,
    0.7067535,
    -0.37123382,
    0.02404039,
    -0.1756899,
    -0.5855262,
    0.3935842,
    0.08584425,
    -0.6554432,
    -0.043002743,
    0.2703899,
    -0.5684324,
    0.28720263,
    0.15784381,
    -0.38568762,
    -0.6735324,
    0.2981394,
    0.30891448,
    -1.1293708,
    1.0878769,
    -0.5736031,
    0.11523555,
    0.46244416,
    -0.2860362,
    0.20128334,
    -0.11879639,
    -0.7899646,
    0.26067093,
    0.16692293,
    0.5847956,
    0.006538384,
    0.63172364,
    -0.50258845,
    -0.24892552,
    -0.15090604,
    -0.65698475,
    0.12662467,
    0.69893783,
    -0.2005971,
    -0.22368012,
    0.42184442,
    -0.7520751,
    0.09189158,
    0.7673176,
    -0.030912934,
    -0.2973494,
    0.70504045,
    0.19693044,
    -0.8071324,
    0.36967847,
    -0.18740134,
    -0.816497,
    0.43355006,
    -0.72889566,
    -0.14759868,
    0.6688734,
    -0.1612814,
    -0.5406659,
    0.50203073,
    -0.50563216,
    -0.51215464,
    0.044152204,
    -1.0360447,
    0.31777602,
    0.5006125,
    -0.46884876,
    0.19565864,
    0.1488408,
    -0.5080564,
    -0.5416532,
    0.6296036,
    -0.5066358,
    0.090865746,
    0.050237697,
    -0.62132937,
    0.38027588,
    0.02135512,
    -0.7857741,
    0.33090776,
    -0.2764211,
    -0.6342365,
    0.27898514,
    0.29731148,
    1.0208665,
    0.020838032,
    0.2525734,
    -0.81610054,
    -0.20650825,
    0.50196624,
    -0.63546747,
    -0.3027272,
    0.89433795,
    1.2189753,
    0.61309963,
    0.24909914,
    -0.41551667,
    0.30454645,
    -1.1968427,
    -0.18760459,
    0.008586261,
    -0.0069108754,
    -0.78168553,
    0.16759163,
    -0.10607563,
    -0.79179335,
    0.41517797
  ],